year,variant,metric,value
2026,static,budgetary_impact,-47037428893.453125
2026,static,federal_tax_revenue_impact,-48935117090.39642
2026,static,state_tax_revenue_impact,1897688196.9432983
2026,static,tax_revenue_impact,-47037428893.453125
2026,static,benefit_spending_impact,0.0
2026,static,baseline_net_income,26550135713509.836
2026,static,gini_baseline,0.7606767163804204
2026,static,gini_reform,0.7582603904715174
2026,static,gini_change,-0.002416325908903061
2026,static,top_10_pct_share_baseline,0.6917884775747702
2026,static,top_10_pct_share_reform,0.69032626631152
2026,static,top_10_pct_share_change,-0.0014622112632501905
2026,static,top_1_pct_share_baseline,0.5473038299905829
2026,static,top_1_pct_share_reform,0.5460924385528748
2026,static,top_1_pct_share_change,-0.001211391437708098
2026,static,households,151172000.0
2026,static,total_cost,47037428893.453125
2026,static,beneficiaries,31038724.0
2026,static,avg_benefit,966.0421752929688
2026,static,winners,31033792.0
2026,static,losers,17657084.0
2026,static,winners_rate,20.528796337946183
2026,static,losers_rate,11.680128595242504
2026,static,poverty_baseline_rate,0.28478157659478587
2026,static,poverty_reform_rate,0.27931961443663095
2026,static,poverty_rate_change,-0.0054619621581549205
2026,static,poverty_percent_change,-1.9179478614681302
2026,static,child_poverty_baseline_rate,0.23197833153887268
2026,static,child_poverty_reform_rate,0.21701022396423372
2026,static,child_poverty_rate_change,-0.014968107574638956
2026,static,child_poverty_percent_change,-6.452373148537258
2026,static,adult_poverty_baseline_rate,0.26581090848316363
2026,static,adult_poverty_reform_rate,0.2622810585947393
2026,static,senior_poverty_baseline_rate,0.41193973609082585
2026,static,senior_poverty_reform_rate,0.411325246894098
2026,static,deep_poverty_baseline_rate,0.12334496246278963
2026,static,deep_poverty_reform_rate,0.11714930719209464
2026,static,deep_poverty_rate_change,-0.0061956552706949886
2026,static,deep_poverty_percent_change,-5.02303065077674
2026,static,deep_child_poverty_baseline_rate,0.07021968633586109
2026,static,deep_child_poverty_reform_rate,0.053435556171868605
2026,static,deep_child_poverty_rate_change,-0.016784130163992488
2026,static,deep_child_poverty_percent_change,-23.902314350585264
2026,static,deep_adult_poverty_baseline_rate,0.11533889532367195
2026,static,deep_adult_poverty_reform_rate,0.11119508606774012
2026,static,deep_senior_poverty_baseline_rate,0.21388820676095469
2026,static,deep_senior_poverty_reform_rate,0.21343022491599092
2026,dynamic,budgetary_impact,-49021957826.49585
2026,dynamic,federal_tax_revenue_impact,-50572417379.96167
2026,dynamic,state_tax_revenue_impact,1657585057.5632324
2026,dynamic,tax_revenue_impact,-48914832322.39844
2026,dynamic,benefit_spending_impact,107125504.09741211
2026,dynamic,baseline_net_income,26550135713509.836
2026,dynamic,gini_baseline,0.7606767163804204
2026,dynamic,gini_reform,0.7583375005602616
2026,dynamic,gini_change,-0.0023392158201588353
2026,dynamic,top_10_pct_share_baseline,0.6917884775747702
2026,dynamic,top_10_pct_share_reform,0.690395417765678
2026,dynamic,top_10_pct_share_change,-0.001393059809092212
2026,dynamic,top_1_pct_share_baseline,0.5473038299905829
2026,dynamic,top_1_pct_share_reform,0.5461822351295261
2026,dynamic,top_1_pct_share_change,-0.001121594861056785
2026,dynamic,households,151172000.0
2026,dynamic,total_cost,49021957826.49585
2026,dynamic,beneficiaries,31841338.0
2026,dynamic,avg_benefit,526.7467651367188
2026,dynamic,winners,31631562.0
2026,dynamic,losers,48427192.0
2026,dynamic,winners_rate,20.92422009366814
2026,dynamic,losers_rate,32.034498452094304
2026,dynamic,poverty_baseline_rate,0.28478157659478587
2026,dynamic,poverty_reform_rate,0.2793334685817017
2026,dynamic,poverty_rate_change,-0.005448108013084152
2026,dynamic,poverty_percent_change,-1.9130830295374883
2026,dynamic,child_poverty_baseline_rate,0.23197833153887268
2026,dynamic,child_poverty_reform_rate,0.21704894552158233
2026,dynamic,child_poverty_rate_change,-0.014929386017290353
2026,dynamic,child_poverty_percent_change,-6.435681263096174
2026,dynamic,adult_poverty_baseline_rate,0.26581090848316363
2026,dynamic,adult_poverty_reform_rate,0.26229020622313437
2026,dynamic,senior_poverty_baseline_rate,0.41193973609082585
2026,dynamic,senior_poverty_reform_rate,0.411325246894098
2026,dynamic,deep_poverty_baseline_rate,0.12334496246278963
2026,dynamic,deep_poverty_reform_rate,0.11714930719209464
2026,dynamic,deep_poverty_rate_change,-0.0061956552706949886
2026,dynamic,deep_poverty_percent_change,-5.02303065077674
2026,dynamic,deep_child_poverty_baseline_rate,0.07021968633586109
2026,dynamic,deep_child_poverty_reform_rate,0.053435556171868605
2026,dynamic,deep_child_poverty_rate_change,-0.016784130163992488
2026,dynamic,deep_child_poverty_percent_change,-23.902314350585264
2026,dynamic,deep_adult_poverty_baseline_rate,0.11533889532367195
2026,dynamic,deep_adult_poverty_reform_rate,0.11119508606774012
2026,dynamic,deep_senior_poverty_baseline_rate,0.21388820676095469
2026,dynamic,deep_senior_poverty_reform_rate,0.21343022491599092
2027,static,budgetary_impact,-39371279972.19238
2027,static,federal_tax_revenue_impact,-41376999406.212524
2027,static,state_tax_revenue_impact,2005719434.0201416
2027,static,tax_revenue_impact,-39371279972.19238
2027,static,benefit_spending_impact,0.0
2027,static,baseline_net_income,27626391908825.1
2027,static,gini_baseline,0.7598638589343114
2027,static,gini_reform,0.7577733155190587
2027,static,gini_change,-0.0020905434152527214
2027,static,top_10_pct_share_baseline,0.691393151949494
2027,static,top_10_pct_share_reform,0.6901295415357096
2027,static,top_10_pct_share_change,-0.0012636104137844217
2027,static,top_1_pct_share_baseline,0.5457573669440903
2027,static,top_1_pct_share_reform,0.5447766415679598
2027,static,top_1_pct_share_change,-0.0009807253761304757
2027,static,households,152028880.0
2027,static,total_cost,39371279972.19238
2027,static,beneficiaries,29309582.0
2027,static,avg_benefit,804.3058471679688
2027,static,winners,29309582.0
2027,static,losers,19641052.0
2027,static,winners_rate,19.278956735062444
2027,static,losers_rate,12.919290071728476
2027,static,poverty_baseline_rate,0.28332153837085555
2027,static,poverty_reform_rate,0.27852666332480763
2027,static,poverty_rate_change,-0.0047948750460479195
2027,static,poverty_percent_change,-1.692379292311916
2027,static,child_poverty_baseline_rate,0.23047580517767405
2027,static,child_poverty_reform_rate,0.21672453877797077
2027,static,child_poverty_rate_change,-0.013751266399703282
2027,static,child_poverty_percent_change,-5.966468536297081
2027,static,adult_poverty_baseline_rate,0.2630520713992449
2027,static,adult_poverty_reform_rate,0.2602224001393872
2027,static,senior_poverty_baseline_rate,0.41491329598579485
2027,static,senior_poverty_reform_rate,0.4141968349377032
2027,static,deep_poverty_baseline_rate,0.12171140819741506
2027,static,deep_poverty_reform_rate,0.11570265377081697
2027,static,deep_poverty_rate_change,-0.006008754426598095
2027,static,deep_poverty_percent_change,-4.936886784558385
2027,static,deep_child_poverty_baseline_rate,0.06793382700765736
2027,static,deep_child_poverty_reform_rate,0.052691629881488455
2027,static,deep_child_poverty_rate_change,-0.015242197126168908
2027,static,deep_child_poverty_percent_change,-22.43682977620389
2027,static,deep_adult_poverty_baseline_rate,0.11348636411450658
2027,static,deep_adult_poverty_reform_rate,0.10909639846471593
2027,static,deep_senior_poverty_baseline_rate,0.213773610767234
2027,static,deep_senior_poverty_reform_rate,0.2133435421770966
2027,dynamic,budgetary_impact,-41795112857.569214
2027,dynamic,federal_tax_revenue_impact,-43402721712.488525
2027,dynamic,state_tax_revenue_impact,1718549886.2297363
2027,dynamic,tax_revenue_impact,-41684171826.25879
2027,dynamic,benefit_spending_impact,110941031.3104248
2027,dynamic,baseline_net_income,27626391908825.1
2027,dynamic,gini_baseline,0.7598638589343114
2027,dynamic,gini_reform,0.7578416513950863
2027,dynamic,gini_change,-0.002022207539225107
2027,dynamic,top_10_pct_share_baseline,0.691393151949494
2027,dynamic,top_10_pct_share_reform,0.6901938347208936
2027,dynamic,top_10_pct_share_change,-0.0011993172286004494
2027,dynamic,top_1_pct_share_baseline,0.5457573669440903
2027,dynamic,top_1_pct_share_reform,0.5448738176364307
2027,dynamic,top_1_pct_share_change,-0.000883549307659548
2027,dynamic,households,152028880.0
2027,dynamic,total_cost,41795112857.569214
2027,dynamic,beneficiaries,30167734.0
2027,dynamic,avg_benefit,416.1246643066406
2027,dynamic,winners,29956768.0
2027,dynamic,losers,50725524.0
2027,dynamic,winners_rate,19.704656115338086
2027,dynamic,losers_rate,33.36571577716023
2027,dynamic,poverty_baseline_rate,0.28332153837085555
2027,dynamic,poverty_reform_rate,0.27852666332480763
2027,dynamic,poverty_rate_change,-0.0047948750460479195
2027,dynamic,poverty_percent_change,-1.692379292311916
2027,dynamic,child_poverty_baseline_rate,0.23047580517767405
2027,dynamic,child_poverty_reform_rate,0.21672453877797077
2027,dynamic,child_poverty_rate_change,-0.013751266399703282
2027,dynamic,child_poverty_percent_change,-5.966468536297081
2027,dynamic,adult_poverty_baseline_rate,0.2630520713992449
2027,dynamic,adult_poverty_reform_rate,0.2602224001393872
2027,dynamic,senior_poverty_baseline_rate,0.41491329598579485
2027,dynamic,senior_poverty_reform_rate,0.4141968349377032
2027,dynamic,deep_poverty_baseline_rate,0.12171140819741506
2027,dynamic,deep_poverty_reform_rate,0.11629041161607362
2027,dynamic,deep_poverty_rate_change,-0.005420996581341445
2027,dynamic,deep_poverty_percent_change,-4.453975729660957
2027,dynamic,deep_child_poverty_baseline_rate,0.06793382700765736
2027,dynamic,deep_child_poverty_reform_rate,0.05362510900056659
2027,dynamic,deep_child_poverty_rate_change,-0.01430871800709077
2027,dynamic,deep_child_poverty_percent_change,-21.06272918420733
2027,dynamic,deep_adult_poverty_baseline_rate,0.11348636411450658
2027,dynamic,deep_adult_poverty_reform_rate,0.10973582238526765
2027,dynamic,deep_senior_poverty_baseline_rate,0.213773610767234
2027,dynamic,deep_senior_poverty_reform_rate,0.2133435421770966
2028,static,budgetary_impact,-37076981718.85254
2028,static,federal_tax_revenue_impact,-38441044018.510254
2028,static,state_tax_revenue_impact,1364062299.6577148
2028,static,tax_revenue_impact,-37076981718.85254
2028,static,benefit_spending_impact,0.0
2028,static,baseline_net_income,28563426419874.94
2028,static,gini_baseline,0.7581399093610983
2028,static,gini_reform,0.7561871693125316
2028,static,gini_change,-0.0019527400485667146
2028,static,top_10_pct_share_baseline,0.6890623876637064
2028,static,top_10_pct_share_reform,0.6877553755333227
2028,static,top_10_pct_share_change,-0.0013070121303837556
2028,static,top_1_pct_share_baseline,0.5435494749834955
2028,static,top_1_pct_share_reform,0.5426582055824823
2028,static,top_1_pct_share_change,-0.0008912694010131395
2028,static,households,152732592.0
2028,static,total_cost,37076981718.85254
2028,static,beneficiaries,29325440.0
2028,static,avg_benefit,766.0335083007812
2028,static,winners,29325438.0
2028,static,losers,19075796.0
2028,static,winners_rate,19.200510916491222
2028,static,losers_rate,12.489669526462302
2028,static,poverty_baseline_rate,0.28319613628103063
2028,static,poverty_reform_rate,0.2790423553987951
2028,static,poverty_rate_change,-0.004153780882235503
2028,static,poverty_percent_change,-1.4667505485009458
2028,static,child_poverty_baseline_rate,0.23107012786161155
2028,static,child_poverty_reform_rate,0.21922576386298337
2028,static,child_poverty_rate_change,-0.011844363998628177
2028,static,child_poverty_percent_change,-5.125874169993014
2028,static,adult_poverty_baseline_rate,0.26284259729167675
2028,static,adult_poverty_reform_rate,0.2604688927324873
2028,static,senior_poverty_baseline_rate,0.41421095244893646
2028,static,senior_poverty_reform_rate,0.41324665337664684
2028,static,deep_poverty_baseline_rate,0.12104836233356372
2028,static,deep_poverty_reform_rate,0.11502115490202099
2028,static,deep_poverty_rate_change,-0.006027207431542739
2028,static,deep_poverty_percent_change,-4.979173047326343
2028,static,deep_child_poverty_baseline_rate,0.06792928299835413
2028,static,deep_child_poverty_reform_rate,0.052687085731528534
2028,static,deep_child_poverty_rate_change,-0.015242197266825595
2028,static,deep_child_poverty_percent_change,-22.438330855332154
2028,static,deep_adult_poverty_baseline_rate,0.11263377857962108
2028,static,deep_adult_poverty_reform_rate,0.10822162437342256
2028,static,deep_senior_poverty_baseline_rate,0.21296273368268645
2028,static,deep_senior_poverty_reform_rate,0.21250475186798798
2028,dynamic,budgetary_impact,-39966572503.79883
2028,dynamic,federal_tax_revenue_impact,-40875428183.42554
2028,dynamic,state_tax_revenue_impact,1020014620.7102051
2028,dynamic,tax_revenue_impact,-39855413562.71533
2028,dynamic,benefit_spending_impact,111158941.0834961
2028,dynamic,baseline_net_income,28563426419874.94
2028,dynamic,gini_baseline,0.7581399093610983
2028,dynamic,gini_reform,0.7562554058284957
2028,dynamic,gini_change,-0.0018845035326026105
2028,dynamic,top_10_pct_share_baseline,0.6890623876637064
2028,dynamic,top_10_pct_share_reform,0.6878115247162787
2028,dynamic,top_10_pct_share_change,-0.001250862947427711
2028,dynamic,top_1_pct_share_baseline,0.5435494749834955
2028,dynamic,top_1_pct_share_reform,0.5427658482188424
2028,dynamic,top_1_pct_share_change,-0.0007836267646530448
2028,dynamic,households,152732592.0
2028,dynamic,total_cost,39966572503.79883
2028,dynamic,beneficiaries,30067244.0
2028,dynamic,avg_benefit,375.00372314453125
2028,dynamic,winners,29854474.0
2028,dynamic,losers,50805448.0
2028,dynamic,winners_rate,19.546891471598936
2028,dynamic,losers_rate,33.26431335624815
2028,dynamic,poverty_baseline_rate,0.28319613628103063
2028,dynamic,poverty_reform_rate,0.2790413879124728
2028,dynamic,poverty_rate_change,-0.004154748368557837
2028,dynamic,poverty_percent_change,-1.4670921796880938
2028,dynamic,child_poverty_baseline_rate,0.23107012786161155
2028,dynamic,child_poverty_reform_rate,0.21922576386298337
2028,dynamic,child_poverty_rate_change,-0.011844363998628177
2028,dynamic,child_poverty_percent_change,-5.125874169993014
2028,dynamic,adult_poverty_baseline_rate,0.26284259729167675
2028,dynamic,adult_poverty_reform_rate,0.26046729570045973
2028,dynamic,senior_poverty_baseline_rate,0.41421095244893646
2028,dynamic,senior_poverty_reform_rate,0.41324665337664684
2028,dynamic,deep_poverty_baseline_rate,0.12104836233356372
2028,dynamic,deep_poverty_reform_rate,0.11502115490202099
2028,dynamic,deep_poverty_rate_change,-0.006027207431542739
2028,dynamic,deep_poverty_percent_change,-4.979173047326343
2028,dynamic,deep_child_poverty_baseline_rate,0.06792928299835413
2028,dynamic,deep_child_poverty_reform_rate,0.052687085731528534
2028,dynamic,deep_child_poverty_rate_change,-0.015242197266825595
2028,dynamic,deep_child_poverty_percent_change,-22.438330855332154
2028,dynamic,deep_adult_poverty_baseline_rate,0.11263377857962108
2028,dynamic,deep_adult_poverty_reform_rate,0.10822162437342256
2028,dynamic,deep_senior_poverty_baseline_rate,0.21296273368268645
2028,dynamic,deep_senior_poverty_reform_rate,0.21250475186798798
2029,static,budgetary_impact,-14673176019.22998
2029,static,federal_tax_revenue_impact,-14844191931.514893
2029,static,state_tax_revenue_impact,171015912.2849121
2029,static,tax_revenue_impact,-14673176019.22998
2029,static,benefit_spending_impact,0.0
2029,static,baseline_net_income,29650186628024.363
2029,static,gini_baseline,0.7586531960530235
2029,static,gini_reform,0.7570741382691951
2029,static,gini_change,-0.001579057783828386
2029,static,top_10_pct_share_baseline,0.6887348972439197
2029,static,top_10_pct_share_reform,0.6885197759515622
2029,static,top_10_pct_share_change,-0.00021512129235745636
2029,static,top_1_pct_share_baseline,0.5433950931573249
2029,static,top_1_pct_share_reform,0.5430464506088817
2029,static,top_1_pct_share_change,-0.0003486425484432454
2029,static,households,153323024.0
2029,static,total_cost,14673176019.22998
2029,static,beneficiaries,23450114.0
2029,static,avg_benefit,388.0044250488281
2029,static,winners,23445356.0
2029,static,losers,14371698.0
2029,static,winners_rate,15.291477684395266
2029,static,losers_rate,9.373476745410397
2029,static,poverty_baseline_rate,0.27819964104280526
2029,static,poverty_reform_rate,0.2738517600114631
2029,static,poverty_rate_change,-0.004347881031342149
2029,static,poverty_percent_change,-1.562863638157305
2029,static,child_poverty_baseline_rate,0.2294705666103592
2029,static,child_poverty_reform_rate,0.21915788143201362
2029,static,child_poverty_rate_change,-0.010312685178345576
2029,static,child_poverty_percent_change,-4.494121111339087
2029,static,adult_poverty_baseline_rate,0.25771840550918823
2029,static,adult_poverty_reform_rate,0.25447856328940144
2029,static,senior_poverty_baseline_rate,0.40558334084451986
2029,static,senior_poverty_reform_rate,0.4046290557218379
2029,static,deep_poverty_baseline_rate,0.12070406156108578
2029,static,deep_poverty_reform_rate,0.1189764781801738
2029,static,deep_poverty_rate_change,-0.0017275833809119734
2029,static,deep_poverty_percent_change,-1.4312553849214757
2029,static,deep_child_poverty_baseline_rate,0.06815853444717232
2029,static,deep_child_poverty_reform_rate,0.06431578033375343
2029,static,deep_child_poverty_rate_change,-0.003842754113418889
2029,static,deep_child_poverty_percent_change,-5.637964701833921
2029,static,deep_adult_poverty_baseline_rate,0.11205026528233303
2029,static,deep_adult_poverty_reform_rate,0.1105602646360345
2029,static,deep_senior_poverty_baseline_rate,0.2127398053323016
2029,static,deep_senior_poverty_reform_rate,0.2127398053323016
2029,dynamic,budgetary_impact,-17807982974.00122
2029,dynamic,federal_tax_revenue_impact,-17432027193.211792
2029,dynamic,state_tax_revenue_impact,-187946285.31018066
2029,dynamic,tax_revenue_impact,-17619973478.521973
2029,dynamic,benefit_spending_impact,188009495.47924805
2029,dynamic,baseline_net_income,29650186628024.363
2029,dynamic,gini_baseline,0.7586531960530235
2029,dynamic,gini_reform,0.7571371163375026
2029,dynamic,gini_change,-0.0015160797155209238
2029,dynamic,top_10_pct_share_baseline,0.6887348972439197
2029,dynamic,top_10_pct_share_reform,0.6882699920618927
2029,dynamic,top_10_pct_share_change,-0.00046490518202702
2029,dynamic,top_1_pct_share_baseline,0.5433950931573249
2029,dynamic,top_1_pct_share_reform,0.5431442852428551
2029,dynamic,top_1_pct_share_change,-0.00025080791446985273
2029,dynamic,households,153323024.0
2029,dynamic,total_cost,17807982974.00122
2029,dynamic,beneficiaries,24592776.0
2029,dynamic,avg_benefit,105.06682586669922
2029,dynamic,winners,24353682.0
2029,dynamic,losers,48476840.0
2029,dynamic,winners_rate,15.88390403779148
2029,dynamic,losers_rate,31.61745622757871
2029,dynamic,poverty_baseline_rate,0.27819964104280526
2029,dynamic,poverty_reform_rate,0.27385153012640834
2029,dynamic,poverty_rate_change,-0.004348110916396919
2029,dynamic,poverty_percent_change,-1.5629462712814557
2029,dynamic,child_poverty_baseline_rate,0.2294705666103592
2029,dynamic,child_poverty_reform_rate,0.2191595993937524
2029,dynamic,child_poverty_rate_change,-0.010310967216606792
2029,dynamic,child_poverty_percent_change,-4.49337244811654
2029,dynamic,adult_poverty_baseline_rate,0.25771840550918823
2029,dynamic,adult_poverty_reform_rate,0.2544775750374872
2029,dynamic,senior_poverty_baseline_rate,0.40558334084451986
2029,dynamic,senior_poverty_reform_rate,0.4046290557218379
2029,dynamic,deep_poverty_baseline_rate,0.12070406156108578
2029,dynamic,deep_poverty_reform_rate,0.1190329755875952
2029,dynamic,deep_poverty_rate_change,-0.0016710859734905825
2029,dynamic,deep_poverty_percent_change,-1.3844488345115722
2029,dynamic,deep_child_poverty_baseline_rate,0.06815853444717232
2029,dynamic,deep_child_poverty_reform_rate,0.06440350648967973
2029,dynamic,deep_child_poverty_rate_change,-0.003755027957492593
2029,dynamic,deep_child_poverty_percent_change,-5.50925571969715
2029,dynamic,deep_adult_poverty_baseline_rate,0.11205026528233303
2029,dynamic,deep_adult_poverty_reform_rate,0.11062243824132577
2029,dynamic,deep_senior_poverty_baseline_rate,0.2127398053323016
2029,dynamic,deep_senior_poverty_reform_rate,0.2127398053323016
2030,static,budgetary_impact,-11472720761.15039
2030,static,federal_tax_revenue_impact,-11700088623.506714
2030,static,state_tax_revenue_impact,227367862.35632324
2030,static,tax_revenue_impact,-11472720761.15039
2030,static,benefit_spending_impact,0.0
2030,static,baseline_net_income,30771309333553.17
2030,static,gini_baseline,0.7589099396565423
2030,static,gini_reform,0.7574496736410741
2030,static,gini_change,-0.0014602660154682257
2030,static,top_10_pct_share_baseline,0.6886555005930641
2030,static,top_10_pct_share_reform,0.6884196206645153
2030,static,top_10_pct_share_change,-0.0002358799285487878
2030,static,top_1_pct_share_baseline,0.5435771455139295
2030,static,top_1_pct_share_reform,0.5433081254728416
2030,static,top_1_pct_share_change,-0.00026902004108797506
2030,static,households,153883856.0
2030,static,total_cost,11472720761.15039
2030,static,beneficiaries,22997500.0
2030,static,avg_benefit,300.8793640136719
2030,static,winners,22992726.0
2030,static,losers,15137898.0
2030,static,winners_rate,14.941610249225883
2030,static,losers_rate,9.837222950794787
2030,static,poverty_baseline_rate,0.27648087823665723
2030,static,poverty_reform_rate,0.2725288345287762
2030,static,poverty_rate_change,-0.003952043707881048
2030,static,poverty_percent_change,-1.4294094163352038
2030,static,child_poverty_baseline_rate,0.2276564211035932
2030,static,child_poverty_reform_rate,0.21847413702784493
2030,static,child_poverty_rate_change,-0.009182284075748254
2030,static,child_poverty_percent_change,-4.033395601686073
2030,static,adult_poverty_baseline_rate,0.25628421558400405
2030,static,adult_poverty_reform_rate,0.2532684003509194
2030,static,senior_poverty_baseline_rate,0.40301834604567444
2030,static,senior_poverty_reform_rate,0.4021612856134483
2030,static,deep_poverty_baseline_rate,0.11943858658994687
2030,static,deep_poverty_reform_rate,0.11823642136322464
2030,static,deep_poverty_rate_change,-0.0012021652267222294
2030,static,deep_poverty_percent_change,-1.0065132726741557
2030,static,deep_child_poverty_baseline_rate,0.06650897996283965
2030,static,deep_child_poverty_reform_rate,0.0642066488129072
2030,static,deep_child_poverty_rate_change,-0.002302331149932446
2030,static,deep_child_poverty_percent_change,-3.461684649529763
2030,static,deep_adult_poverty_baseline_rate,0.1115377263308936
2030,static,deep_adult_poverty_reform_rate,0.11036916758367597
2030,static,deep_senior_poverty_baseline_rate,0.2093928304666897
2030,static,deep_senior_poverty_reform_rate,0.2093928304666897
2030,dynamic,budgetary_impact,-16022251855.592163
2030,dynamic,federal_tax_revenue_impact,-14854552813.415161
2030,dynamic,state_tax_revenue_impact,-200819087.46276855
2030,dynamic,tax_revenue_impact,-15055371900.87793
2030,dynamic,benefit_spending_impact,966879954.7142334
2030,dynamic,baseline_net_income,30771309333553.17
2030,dynamic,gini_baseline,0.7589099396565423
2030,dynamic,gini_reform,0.7574795748488785
2030,dynamic,gini_change,-0.0014303648076637865
2030,dynamic,top_10_pct_share_baseline,0.6886555005930641
2030,dynamic,top_10_pct_share_reform,0.6884308212468442
2030,dynamic,top_10_pct_share_change,-0.000224679346219947
2030,dynamic,top_1_pct_share_baseline,0.5435771455139295
2030,dynamic,top_1_pct_share_reform,0.5434008835497045
2030,dynamic,top_1_pct_share_change,-0.00017626196422504403
2030,dynamic,households,153883856.0
2030,dynamic,total_cost,16022251855.592163
2030,dynamic,beneficiaries,24518280.0
2030,dynamic,avg_benefit,52.43274688720703
2030,dynamic,winners,24312086.0
2030,dynamic,losers,49883832.0
2030,dynamic,winners_rate,15.798984137751265
2030,dynamic,losers_rate,32.41654667140652
2030,dynamic,poverty_baseline_rate,0.27648087823665723
2030,dynamic,poverty_reform_rate,0.27252786704243454
2030,dynamic,poverty_rate_change,-0.0039530111942227
2030,dynamic,poverty_percent_change,-1.4297593451794055
2030,dynamic,child_poverty_baseline_rate,0.2276564211035932
2030,dynamic,child_poverty_reform_rate,0.21847413702784493
2030,dynamic,child_poverty_rate_change,-0.009182284075748254
2030,dynamic,child_poverty_percent_change,-4.033395601686073
2030,dynamic,adult_poverty_baseline_rate,0.25628421558400405
2030,dynamic,adult_poverty_reform_rate,0.2532668033188613
2030,dynamic,senior_poverty_baseline_rate,0.40301834604567444
2030,dynamic,senior_poverty_reform_rate,0.4021612856134483
2030,dynamic,deep_poverty_baseline_rate,0.11943858658994687
2030,dynamic,deep_poverty_reform_rate,0.11823642136322464
2030,dynamic,deep_poverty_rate_change,-0.0012021652267222294
2030,dynamic,deep_poverty_percent_change,-1.0065132726741557
2030,dynamic,deep_child_poverty_baseline_rate,0.06650897996283965
2030,dynamic,deep_child_poverty_reform_rate,0.0642066488129072
2030,dynamic,deep_child_poverty_rate_change,-0.002302331149932446
2030,dynamic,deep_child_poverty_percent_change,-3.461684649529763
2030,dynamic,deep_adult_poverty_baseline_rate,0.1115377263308936
2030,dynamic,deep_adult_poverty_reform_rate,0.11036916758367597
2030,dynamic,deep_senior_poverty_baseline_rate,0.2093928304666897
2030,dynamic,deep_senior_poverty_reform_rate,0.2093928304666897
2031,static,budgetary_impact,-4592641178.4375
2031,static,federal_tax_revenue_impact,-4941276074.536987
2031,static,state_tax_revenue_impact,348634896.0994873
2031,static,tax_revenue_impact,-4592641178.4375
2031,static,benefit_spending_impact,0.0
2031,static,baseline_net_income,31949383399202.297
2031,static,gini_baseline,0.7591971529731414
2031,static,gini_reform,0.7579370136269102
2031,static,gini_change,-0.0012601393462311483
2031,static,top_10_pct_share_baseline,0.6886210435100157
2031,static,top_10_pct_share_reform,0.6887925001604304
2031,static,top_10_pct_share_change,0.00017145665041462532
2031,static,top_1_pct_share_baseline,0.5435402040032709
2031,static,top_1_pct_share_reform,0.5434208485564138
2031,static,top_1_pct_share_change,-0.00011935544685703903
2031,static,households,154415088.0
2031,static,total_cost,4592641178.4375
2031,static,beneficiaries,22425444.0
2031,static,avg_benefit,120.63512420654297
2031,static,winners,22420652.0
2031,static,losers,15649840.0
2031,static,winners_rate,14.519728797486422
2031,static,losers_rate,10.134916349625108
2031,static,poverty_baseline_rate,0.27469953797821484
2031,static,poverty_reform_rate,0.27154663876116975
2031,static,poverty_rate_change,-0.003152899217045091
2031,static,poverty_percent_change,-1.1477628394464694
2031,static,child_poverty_baseline_rate,0.22593901173753286
2031,static,child_poverty_reform_rate,0.21809449911922643
2031,static,child_poverty_rate_change,-0.007844512618306432
2031,static,child_poverty_percent_change,-3.4719602241241923
2031,static,adult_poverty_baseline_rate,0.25492936842200525
2031,static,adult_poverty_reform_rate,0.2527586477898154
2031,static,senior_poverty_baseline_rate,0.3997213584352123
2031,static,senior_poverty_reform_rate,0.39886429796073314
2031,static,deep_poverty_baseline_rate,0.12134860130776769
2031,static,deep_poverty_reform_rate,0.11988855477591133
2031,static,deep_poverty_rate_change,-0.0014600465318563571
2031,static,deep_poverty_percent_change,-1.203183651168213
2031,static,deep_child_poverty_baseline_rate,0.06650897971982081
2031,static,deep_child_poverty_reform_rate,0.0634057998901702
2031,static,deep_child_poverty_rate_change,-0.0031031798296506097
2031,static,deep_child_poverty_percent_change,-4.665805794530644
2031,static,deep_adult_poverty_baseline_rate,0.11463626995261315
2031,static,deep_adult_poverty_reform_rate,0.11332581612315884
2031,static,deep_senior_poverty_baseline_rate,0.2095761410058296
2031,static,deep_senior_poverty_reform_rate,0.2095761410058296
2031,dynamic,budgetary_impact,-8852863000.037354
2031,dynamic,federal_tax_revenue_impact,-8573263798.873779
2031,dynamic,state_tax_revenue_impact,-130709290.18969727
2031,dynamic,tax_revenue_impact,-8703973089.063477
2031,dynamic,benefit_spending_impact,148889910.97387695
2031,dynamic,baseline_net_income,31949383399202.297
2031,dynamic,gini_baseline,0.7591971529731414
2031,dynamic,gini_reform,0.757997117505648
2031,dynamic,gini_change,-0.0012000354674933655
2031,dynamic,top_10_pct_share_baseline,0.6886210435100157
2031,dynamic,top_10_pct_share_reform,0.688830889926729
2031,dynamic,top_10_pct_share_change,0.00020984641671328852
2031,dynamic,top_1_pct_share_baseline,0.5435402040032709
2031,dynamic,top_1_pct_share_reform,0.543540735277119
2031,dynamic,top_1_pct_share_change,5.312738481366708e-07
2031,dynamic,households,154415088.0
2031,dynamic,total_cost,8852863000.037354
2031,dynamic,beneficiaries,23453476.0
2031,dynamic,avg_benefit,-66.01789093017578
2031,dynamic,winners,23338982.0
2031,dynamic,losers,51139488.0
2031,dynamic,winners_rate,15.114443997855961
2031,dynamic,losers_rate,33.11819373505781
2031,dynamic,poverty_baseline_rate,0.27469953797821484
2031,dynamic,poverty_reform_rate,0.27154567127484913
2031,dynamic,poverty_rate_change,-0.003153866703365704
2031,dynamic,poverty_percent_change,-1.1481150374617022
2031,dynamic,child_poverty_baseline_rate,0.22593901173753286
2031,dynamic,child_poverty_reform_rate,0.21809449911922643
2031,dynamic,child_poverty_rate_change,-0.007844512618306432
2031,dynamic,child_poverty_percent_change,-3.4719602241241923
2031,dynamic,adult_poverty_baseline_rate,0.25492936842200525
2031,dynamic,adult_poverty_reform_rate,0.25275705075779226
2031,dynamic,senior_poverty_baseline_rate,0.3997213584352123
2031,dynamic,senior_poverty_reform_rate,0.39886429796073314
2031,dynamic,deep_poverty_baseline_rate,0.12134860130776769
2031,dynamic,deep_poverty_reform_rate,0.11988855477591133
2031,dynamic,deep_poverty_rate_change,-0.0014600465318563571
2031,dynamic,deep_poverty_percent_change,-1.203183651168213
2031,dynamic,deep_child_poverty_baseline_rate,0.06650897971982081
2031,dynamic,deep_child_poverty_reform_rate,0.0634057998901702
2031,dynamic,deep_child_poverty_rate_change,-0.0031031798296506097
2031,dynamic,deep_child_poverty_percent_change,-4.665805794530644
2031,dynamic,deep_adult_poverty_baseline_rate,0.11463626995261315
2031,dynamic,deep_adult_poverty_reform_rate,0.11332581612315884
2031,dynamic,deep_senior_poverty_baseline_rate,0.2095761410058296
2031,dynamic,deep_senior_poverty_reform_rate,0.2095761410058296
2032,static,budgetary_impact,-887714471.0527344
2032,static,federal_tax_revenue_impact,-1311820045.3498535
2032,static,state_tax_revenue_impact,424105574.29711914
2032,static,tax_revenue_impact,-887714471.0527344
2032,static,benefit_spending_impact,0.0
2032,static,baseline_net_income,33215562567843.656
2032,static,gini_baseline,0.7599832053093878
2032,static,gini_reform,0.7588749463801753
2032,static,gini_change,-0.0011082589292125133
2032,static,top_10_pct_share_baseline,0.6894057788019908
2032,static,top_10_pct_share_reform,0.6899970303421893
2032,static,top_10_pct_share_change,0.0005912515401984564
2032,static,top_1_pct_share_baseline,0.5443805093000105
2032,static,top_1_pct_share_reform,0.5443372748624316
2032,static,top_1_pct_share_change,-4.323443757892065e-05
2032,static,households,154916272.0
2032,static,total_cost,887714471.0527344
2032,static,beneficiaries,21632922.0
2032,static,avg_benefit,23.14129638671875
2032,static,winners,21628114.0
2032,static,losers,16732308.0
2032,static,winners_rate,13.961163485782823
2032,static,losers_rate,10.800871841274361
2032,static,poverty_baseline_rate,0.27375752706536893
2032,static,poverty_reform_rate,0.27107904643628894
2032,static,poverty_rate_change,-0.0026784806290799934
2032,static,poverty_percent_change,-0.9784135098650328
2032,static,child_poverty_baseline_rate,0.22467107235751513
2032,static,child_poverty_reform_rate,0.2178413651188242
2032,static,child_poverty_rate_change,-0.0068297072386909186
2032,static,child_poverty_percent_change,-3.039869426457771
2032,static,adult_poverty_baseline_rate,0.25383869448810525
2032,static,adult_poverty_reform_rate,0.2520914894679343
2032,static,senior_poverty_baseline_rate,0.3996707532112366
2032,static,senior_poverty_reform_rate,0.3988136927495282
2032,static,deep_poverty_baseline_rate,0.12072530355369544
2032,static,deep_poverty_reform_rate,0.11948254886850498
2032,static,deep_poverty_rate_change,-0.0012427546851904586
2032,static,deep_poverty_percent_change,-1.0294069665666352
2032,static,deep_child_poverty_baseline_rate,0.06625778220188408
2032,static,deep_child_poverty_reform_rate,0.06382940080032679
2032,static,deep_child_poverty_rate_change,-0.0024283814015572946
2032,static,deep_child_poverty_percent_change,-3.665050837587863
2032,static,deep_adult_poverty_baseline_rate,0.11374825088752301
2032,static,deep_adult_poverty_reform_rate,0.11255735842297111
2032,static,deep_senior_poverty_baseline_rate,0.2094011897046658
2032,static,deep_senior_poverty_reform_rate,0.2094011897046658
2032,dynamic,budgetary_impact,-6119322519.928467
2032,dynamic,federal_tax_revenue_impact,-5570118764.511597
2032,dynamic,state_tax_revenue_impact,-161096975.42492676
2032,dynamic,tax_revenue_impact,-5731215739.936523
2032,dynamic,benefit_spending_impact,388106779.99194336
2032,dynamic,baseline_net_income,33215562567843.656
2032,dynamic,gini_baseline,0.7599832053093878
2032,dynamic,gini_reform,0.7589260268052572
2032,dynamic,gini_change,-0.0010571785041305626
2032,dynamic,top_10_pct_share_baseline,0.6894057788019908
2032,dynamic,top_10_pct_share_reform,0.690026294017324
2032,dynamic,top_10_pct_share_change,0.0006205152153331284
2032,dynamic,top_1_pct_share_baseline,0.5443805093000105
2032,dynamic,top_1_pct_share_reform,0.5444674855577244
2032,dynamic,top_1_pct_share_change,8.697625771392214e-05
2032,dynamic,households,154916272.0
2032,dynamic,total_cost,6119322519.928467
2032,dynamic,beneficiaries,22920568.0
2032,dynamic,avg_benefit,-132.59095764160156
2032,dynamic,winners,22631244.0
2032,dynamic,losers,52708804.0
2032,dynamic,winners_rate,14.608693914348777
2032,dynamic,losers_rate,34.02405913821629
2032,dynamic,poverty_baseline_rate,0.27375752706536893
2032,dynamic,poverty_reform_rate,0.2711877947555265
2032,dynamic,poverty_rate_change,-0.0025697323098424207
2032,dynamic,poverty_percent_change,-0.9386891887099819
2032,dynamic,child_poverty_baseline_rate,0.22467107235751513
2032,dynamic,child_poverty_reform_rate,0.2180969063808526
2032,dynamic,child_poverty_rate_change,-0.0065741659766625216
2032,dynamic,child_poverty_percent_change,-2.926129255394823
2032,dynamic,adult_poverty_baseline_rate,0.25383869448810525
2032,dynamic,adult_poverty_reform_rate,0.25218044650953475
2032,dynamic,senior_poverty_baseline_rate,0.3996707532112366
2032,dynamic,senior_poverty_reform_rate,0.3988136927495282
2032,dynamic,deep_poverty_baseline_rate,0.12072530355369544
2032,dynamic,deep_poverty_reform_rate,0.11948254886850498
2032,dynamic,deep_poverty_rate_change,-0.0012427546851904586
2032,dynamic,deep_poverty_percent_change,-1.0294069665666352
2032,dynamic,deep_child_poverty_baseline_rate,0.06625778220188408
2032,dynamic,deep_child_poverty_reform_rate,0.06382940080032679
2032,dynamic,deep_child_poverty_rate_change,-0.0024283814015572946
2032,dynamic,deep_child_poverty_percent_change,-3.665050837587863
2032,dynamic,deep_adult_poverty_baseline_rate,0.11374825088752301
2032,dynamic,deep_adult_poverty_reform_rate,0.11255735842297111
2032,dynamic,deep_senior_poverty_baseline_rate,0.2094011897046658
2032,dynamic,deep_senior_poverty_reform_rate,0.2094011897046658
2033,static,budgetary_impact,5610525799.90625
2033,static,federal_tax_revenue_impact,5106949641.608887
2033,static,state_tax_revenue_impact,503576158.2973633
2033,static,tax_revenue_impact,5610525799.90625
2033,static,benefit_spending_impact,0.0
2033,static,baseline_net_income,34517288017683.254
2033,static,gini_baseline,0.7608300940768254
2033,static,gini_reform,0.7599101267045049
2033,static,gini_change,-0.0009199673723205848
2033,static,top_10_pct_share_baseline,0.6901440384660937
2033,static,top_10_pct_share_reform,0.6901047604703441
2033,static,top_10_pct_share_change,-3.927799574965363e-05
2033,static,top_1_pct_share_baseline,0.5452891007622274
2033,static,top_1_pct_share_reform,0.545370195880682
2033,static,top_1_pct_share_change,8.109511845466599e-05
2033,static,households,155386976.0
2033,static,total_cost,-5610525799.90625
2033,static,beneficiaries,20730168.0
2033,static,avg_benefit,-145.98788452148438
2033,static,winners,20719020.0
2033,static,losers,17712440.0
2033,static,winners_rate,13.333820203824548
2033,static,losers_rate,11.398921876180923
2033,static,poverty_baseline_rate,0.2707937970451594
2033,static,poverty_reform_rate,0.2667802717382981
2033,static,poverty_rate_change,-0.004013525306861276
2033,static,poverty_percent_change,-1.4821333984219567
2033,static,child_poverty_baseline_rate,0.22461180585310928
2033,static,child_poverty_reform_rate,0.21415904595121477
2033,static,child_poverty_rate_change,-0.01045275990189451
2033,static,child_poverty_percent_change,-4.653700130406486
2033,static,adult_poverty_baseline_rate,0.2508377318970089
2033,static,adult_poverty_reform_rate,0.24817063700252825
2033,static,senior_poverty_baseline_rate,0.39335952894180515
2033,static,senior_poverty_reform_rate,0.3925024685008245
2033,static,deep_poverty_baseline_rate,0.12013870914871716
2033,static,deep_poverty_reform_rate,0.11857808875993753
2033,static,deep_poverty_rate_change,-0.0015606203887796322
2033,static,deep_poverty_percent_change,-1.29901544626035
2033,static,deep_child_poverty_baseline_rate,0.06625718403216976
2033,static,deep_child_poverty_reform_rate,0.0633827724771605
2033,static,deep_child_poverty_rate_change,-0.002874411555009268
2033,static,deep_child_poverty_percent_change,-4.338263989024433
2033,static,deep_adult_poverty_baseline_rate,0.11311448638514882
2033,static,deep_adult_poverty_reform_rate,0.11161178182012221
2033,static,deep_senior_poverty_baseline_rate,0.20827304079974618
2033,static,deep_senior_poverty_reform_rate,0.20808800532547533
2033,dynamic,budgetary_impact,-177609139.39819336
2033,dynamic,federal_tax_revenue_impact,87687215.26672363
2033,dynamic,state_tax_revenue_impact,-140647585.24816895
2033,dynamic,tax_revenue_impact,-52960369.98144531
2033,dynamic,benefit_spending_impact,124648769.41674805
2033,dynamic,baseline_net_income,34517288017683.254
2033,dynamic,gini_baseline,0.7608300940768254
2033,dynamic,gini_reform,0.7599682533707646
2033,dynamic,gini_change,-0.000861840706060879
2033,dynamic,top_10_pct_share_baseline,0.6901440384660937
2033,dynamic,top_10_pct_share_reform,0.690148395552301
2033,dynamic,top_10_pct_share_change,4.35708620727393e-06
2033,dynamic,top_1_pct_share_baseline,0.5452891007622274
2033,dynamic,top_1_pct_share_reform,0.5455166134310612
2033,dynamic,top_1_pct_share_change,0.00022751266883380694
2033,dynamic,households,155386976.0
2033,dynamic,total_cost,177609139.39819336
2033,dynamic,beneficiaries,22251602.0
2033,dynamic,avg_benefit,-241.2235565185547
2033,dynamic,winners,22129090.0
2033,dynamic,losers,53612224.0
2033,dynamic,winners_rate,14.241277209745043
2033,dynamic,losers_rate,34.50239227256729
2033,dynamic,poverty_baseline_rate,0.2707937970451594
2033,dynamic,poverty_reform_rate,0.26677930425192375
2033,dynamic,poverty_rate_change,-0.0040144927932356245
2033,dynamic,poverty_percent_change,-1.4824906763156547
2033,dynamic,child_poverty_baseline_rate,0.22461180585310928
2033,dynamic,child_poverty_reform_rate,0.21415904595121477
2033,dynamic,child_poverty_rate_change,-0.01045275990189451
2033,dynamic,child_poverty_percent_change,-4.653700130406486
2033,dynamic,adult_poverty_baseline_rate,0.2508377318970089
2033,dynamic,adult_poverty_reform_rate,0.24816903997041678
2033,dynamic,senior_poverty_baseline_rate,0.39335952894180515
2033,dynamic,senior_poverty_reform_rate,0.3925024685008245
2033,dynamic,deep_poverty_baseline_rate,0.12013870914871716
2033,dynamic,deep_poverty_reform_rate,0.11857808875993753
2033,dynamic,deep_poverty_rate_change,-0.0015606203887796322
2033,dynamic,deep_poverty_percent_change,-1.29901544626035
2033,dynamic,deep_child_poverty_baseline_rate,0.06625718403216976
2033,dynamic,deep_child_poverty_reform_rate,0.0633827724771605
2033,dynamic,deep_child_poverty_rate_change,-0.002874411555009268
2033,dynamic,deep_child_poverty_percent_change,-4.338263989024433
2033,dynamic,deep_adult_poverty_baseline_rate,0.11311448638514882
2033,dynamic,deep_adult_poverty_reform_rate,0.11161178182012221
2033,dynamic,deep_senior_poverty_baseline_rate,0.20827304079974618
2033,dynamic,deep_senior_poverty_reform_rate,0.20808800532547533
2034,static,budgetary_impact,8824717870.079102
2034,static,federal_tax_revenue_impact,8318511229.151733
2034,static,state_tax_revenue_impact,506206640.92736816
2034,static,tax_revenue_impact,8824717870.079102
2034,static,benefit_spending_impact,0.0
2034,static,baseline_net_income,35870147779896.02
2034,static,gini_baseline,0.7617575758925619
2034,static,gini_reform,0.7609739970134545
2034,static,gini_change,-0.000783578879107405
2034,static,top_10_pct_share_baseline,0.6909872340633677
2034,static,top_10_pct_share_reform,0.6910411636961079
2034,static,top_10_pct_share_change,5.392963274020168e-05
2034,static,top_1_pct_share_baseline,0.5462699218911171
2034,static,top_1_pct_share_reform,0.5464065159363193
2034,static,top_1_pct_share_change,0.00013659404520216523
2034,static,households,155827664.0
2034,static,total_cost,-8824717870.079102
2034,static,beneficiaries,20110392.0
2034,static,avg_benefit,-229.60745239257812
2034,static,winners,20105556.0
2034,static,losers,18328368.0
2034,static,winners_rate,12.902430469598775
2034,static,losers_rate,11.761947480647596
2034,static,poverty_baseline_rate,0.26723740853169453
2034,static,poverty_reform_rate,0.26455221900204356
2034,static,poverty_rate_change,-0.0026851895296509665
2034,static,poverty_percent_change,-1.0047955278433638
2034,static,child_poverty_baseline_rate,0.220533512123966
2034,static,child_poverty_reform_rate,0.2132506878386357
2034,static,child_poverty_rate_change,-0.0072828242853302805
2034,static,child_poverty_percent_change,-3.3023662549918806
2034,static,adult_poverty_baseline_rate,0.24742080266573394
2034,static,adult_poverty_reform_rate,0.24558443902102
2034,static,senior_poverty_baseline_rate,0.38995662553348553
2034,static,senior_poverty_reform_rate,0.3899048938939786
2034,static,deep_poverty_baseline_rate,0.11947151584882322
2034,static,deep_poverty_reform_rate,0.11833247994387455
2034,static,deep_poverty_rate_change,-0.0011390359049486681
2034,static,deep_poverty_percent_change,-0.9533953736637781
2034,static,deep_child_poverty_baseline_rate,0.06581510047387173
2034,static,deep_child_poverty_reform_rate,0.06337994315795979
2034,static,deep_child_poverty_rate_change,-0.0024351573159119427
2034,static,deep_child_poverty_percent_change,-3.699997870365157
2034,static,deep_adult_poverty_baseline_rate,0.11260270558101873
2034,static,deep_adult_poverty_reform_rate,0.1116402566036723
2034,static,deep_senior_poverty_baseline_rate,0.20681222385391476
2034,static,deep_senior_poverty_reform_rate,0.20662718838395208
2034,dynamic,budgetary_impact,2124118682.0112305
2034,dynamic,federal_tax_revenue_impact,2582975064.9831543
2034,dynamic,state_tax_revenue_impact,-228036869.36108398
2034,dynamic,tax_revenue_impact,2354938195.6220703
2034,dynamic,benefit_spending_impact,230819513.61083984
2034,dynamic,baseline_net_income,35870147779896.02
2034,dynamic,gini_baseline,0.7617575758925619
2034,dynamic,gini_reform,0.7610293681914806
2034,dynamic,gini_change,-0.0007282077010812849
2034,dynamic,top_10_pct_share_baseline,0.6909872340633677
2034,dynamic,top_10_pct_share_reform,0.6910865170114904
2034,dynamic,top_10_pct_share_change,9.92829481226698e-05
2034,dynamic,top_1_pct_share_baseline,0.5462699218911171
2034,dynamic,top_1_pct_share_reform,0.5465678204299559
2034,dynamic,top_1_pct_share_change,0.00029789853883877004
2034,dynamic,households,155827664.0
2034,dynamic,total_cost,-2124118682.0112305
2034,dynamic,beneficiaries,21636380.0
2034,dynamic,avg_benefit,-306.72174072265625
2034,dynamic,winners,21516268.0
2034,dynamic,losers,54462332.0
2034,dynamic,winners_rate,13.807733137807931
2034,dynamic,losers_rate,34.95036157379604
2034,dynamic,poverty_baseline_rate,0.26723740853169453
2034,dynamic,poverty_reform_rate,0.26456098152724994
2034,dynamic,poverty_rate_change,-0.0026764270044445926
2034,dynamic,poverty_percent_change,-1.0015165987239272
2034,dynamic,child_poverty_baseline_rate,0.220533512123966
2034,dynamic,child_poverty_reform_rate,0.21327788267453002
2034,dynamic,child_poverty_rate_change,-0.007255629449435974
2034,dynamic,child_poverty_percent_change,-3.2900348702366147
2034,dynamic,adult_poverty_baseline_rate,0.24742080266573394
2034,dynamic,adult_poverty_reform_rate,0.24558926653043675
2034,dynamic,senior_poverty_baseline_rate,0.38995662553348553
2034,dynamic,senior_poverty_reform_rate,0.3899048938939786
2034,dynamic,deep_poverty_baseline_rate,0.11947151584882322
2034,dynamic,deep_poverty_reform_rate,0.11833247994387455
2034,dynamic,deep_poverty_rate_change,-0.0011390359049486681
2034,dynamic,deep_poverty_percent_change,-0.9533953736637781
2034,dynamic,deep_child_poverty_baseline_rate,0.06581510047387173
2034,dynamic,deep_child_poverty_reform_rate,0.06337994315795979
2034,dynamic,deep_child_poverty_rate_change,-0.0024351573159119427
2034,dynamic,deep_child_poverty_percent_change,-3.699997870365157
2034,dynamic,deep_adult_poverty_baseline_rate,0.11260270558101873
2034,dynamic,deep_adult_poverty_reform_rate,0.1116402566036723
2034,dynamic,deep_senior_poverty_baseline_rate,0.20681222385391476
2034,dynamic,deep_senior_poverty_reform_rate,0.20662718838395208
2035,static,budgetary_impact,14870471354.243164
2035,static,federal_tax_revenue_impact,14292879074.858887
2035,static,state_tax_revenue_impact,577592279.3842773
2035,static,tax_revenue_impact,14870471354.243164
2035,static,benefit_spending_impact,0.0
2035,static,baseline_net_income,37268611137596.805
2035,static,gini_baseline,0.7625947126467003
2035,static,gini_reform,0.7619798856127761
2035,static,gini_change,-0.0006148270339242368
2035,static,top_10_pct_share_baseline,0.6917897573050503
2035,static,top_10_pct_share_reform,0.6919348402678933
2035,static,top_10_pct_share_change,0.0001450829628429906
2035,static,top_1_pct_share_baseline,0.547148030839835
2035,static,top_1_pct_share_reform,0.5473854391752245
2035,static,top_1_pct_share_change,0.00023740833538954398
2035,static,households,156239184.0
2035,static,total_cost,-14870471354.243164
2035,static,beneficiaries,18994640.0
2035,static,avg_benefit,-393.5763244628906
2035,static,winners,18988906.0
2035,static,losers,18794036.0
2035,static,winners_rate,12.15374115113146
2035,static,losers_rate,12.029015717337591
2035,static,poverty_baseline_rate,0.0382492616337004
2035,static,poverty_reform_rate,0.0382492616337004
2035,static,poverty_rate_change,0.0
2035,static,poverty_percent_change,0.0
2035,static,child_poverty_baseline_rate,0.014699839004109852
2035,static,child_poverty_reform_rate,0.014699839004109852
2035,static,child_poverty_rate_change,0.0
2035,static,child_poverty_percent_change,0.0
2035,static,adult_poverty_baseline_rate,0.03880910532768348
2035,static,adult_poverty_reform_rate,0.03880910532768348
2035,static,senior_poverty_baseline_rate,0.06452029418500196
2035,static,senior_poverty_reform_rate,0.06452029418500196
2035,static,deep_poverty_baseline_rate,0.0382492616337004
2035,static,deep_poverty_reform_rate,0.0382492616337004
2035,static,deep_poverty_rate_change,0.0
2035,static,deep_poverty_percent_change,0.0
2035,static,deep_child_poverty_baseline_rate,0.014699839004109852
2035,static,deep_child_poverty_reform_rate,0.014699839004109852
2035,static,deep_child_poverty_rate_change,0.0
2035,static,deep_child_poverty_percent_change,0.0
2035,static,deep_adult_poverty_baseline_rate,0.03880910532768348
2035,static,deep_adult_poverty_reform_rate,0.03880910532768348
2035,static,deep_senior_poverty_baseline_rate,0.06452029418500196
2035,static,deep_senior_poverty_reform_rate,0.06452029418500196
2035,dynamic,budgetary_impact,7333642003.0061035
2035,dynamic,federal_tax_revenue_impact,7758833809.934692
2035,dynamic,state_tax_revenue_impact,-288234250.50305176
2035,dynamic,tax_revenue_impact,7470599559.431641
2035,dynamic,benefit_spending_impact,136957556.4255371
2035,dynamic,baseline_net_income,37268611137596.805
2035,dynamic,gini_baseline,0.7625947126467003
2035,dynamic,gini_reform,0.7620367250019036
2035,dynamic,gini_change,-0.0005579876447967536
2035,dynamic,top_10_pct_share_baseline,0.6917897573050503
2035,dynamic,top_10_pct_share_reform,0.692237294558259
2035,dynamic,top_10_pct_share_change,0.0004475372532086741
2035,dynamic,top_1_pct_share_baseline,0.547148030839835
2035,dynamic,top_1_pct_share_reform,0.5475605278690825
2035,dynamic,top_1_pct_share_change,0.000412497029247505
2035,dynamic,households,156239184.0
2035,dynamic,total_cost,-7333642003.0061035
2035,dynamic,beneficiaries,20481138.0
2035,dynamic,avg_benefit,-411.27117919921875
2035,dynamic,winners,20314612.0
2035,dynamic,losers,55744316.0
2035,dynamic,winners_rate,13.002251727069952
2035,dynamic,losers_rate,35.678832014381236
2035,dynamic,poverty_baseline_rate,0.0382492616337004
2035,dynamic,poverty_reform_rate,0.0382492616337004
2035,dynamic,poverty_rate_change,0.0
2035,dynamic,poverty_percent_change,0.0
2035,dynamic,child_poverty_baseline_rate,0.014699839004109852
2035,dynamic,child_poverty_reform_rate,0.014699839004109852
2035,dynamic,child_poverty_rate_change,0.0
2035,dynamic,child_poverty_percent_change,0.0
2035,dynamic,adult_poverty_baseline_rate,0.03880910532768348
2035,dynamic,adult_poverty_reform_rate,0.03880910532768348
2035,dynamic,senior_poverty_baseline_rate,0.06452029418500196
2035,dynamic,senior_poverty_reform_rate,0.06452029418500196
2035,dynamic,deep_poverty_baseline_rate,0.0382492616337004
2035,dynamic,deep_poverty_reform_rate,0.0382492616337004
2035,dynamic,deep_poverty_rate_change,0.0
2035,dynamic,deep_poverty_percent_change,0.0
2035,dynamic,deep_child_poverty_baseline_rate,0.014699839004109852
2035,dynamic,deep_child_poverty_reform_rate,0.014699839004109852
2035,dynamic,deep_child_poverty_rate_change,0.0
2035,dynamic,deep_child_poverty_percent_change,0.0
2035,dynamic,deep_adult_poverty_baseline_rate,0.03880910532768348
2035,dynamic,deep_adult_poverty_reform_rate,0.03880910532768348
2035,dynamic,deep_senior_poverty_baseline_rate,0.06452029418500196
2035,dynamic,deep_senior_poverty_reform_rate,0.06452029418500196
